2015-11-2,One intentional life,1
2015-11-8,One intentional life,6
2015-11-12,One intentional life,1
2015-11-14,One intentional life,1
2015-11-15,One intentional life,4
2015-11-21,One intentional life,2
2015-12-6,One intentional life,1
2015-12-7,One intentional life,3
2015-12-8,One intentional life,1
2015-12-9,One intentional life,2
2016-1-12,One Intentional life Calendar,1
2016-1-12,One Intentional Life Pomodoro Ep 9,1
2016-1-12,One Intentional life Morning routines Ep 10,1
2016-1-14,One Intentional life Morning routines Ep 10,1
2016-2-1,One Intentional life Morning routines Ep 10,2
2016-2-3,One Intentional life Morning routines Ep 10,1
2016-2-20,One intentional life Read it Later Ep 11,1
2016-2-21,One intentional life Read it Later Ep 11,2
2016-2-22,One Intentional life Speed reading Ep 14,3
2016-2-28,One Intentional life Speed reading Ep 14,2
2016-2-29,One Intentional life Speed reading Ep 14,1
